Project;ncommits;nauthors;from;to;nstars;nforks;lastGHCommitDate;LongestGapStart;LongestGapEnd;LongestGapLength;NumCommitsAfterLastGap;ActivityPattern;NumberOfGapsInTimeline;BeforeThemes;AfterThemes;HypothesizedGapReason;HasRecovered;WhyRecovered;WhoRecovered;Currentstatus;RecentThemes;Notes
ketch_nodepy;713;23;2009-03-10T10:42:35Z;2024-09-04T07:27:22Z;83;23;2024-09-04T07:27:22Z;2023-10;2024-08;11;2;irregular;18;Documentation updates;Bug fixes:Documentation updates;Likely occasional maintenance of an established research tool: all ten pre-gap messages concern documentation, ending with the README badge change [147d0828](https://github.com/ketch/nodepy/commit/147d0828c75dd52c54be0a8271846103c2a15409). The exact cause of the 11-month pause is not documented in the inspected evidence.;"Partly: two commits on September 4, 2024; sustained recovery is not established.";The visible trigger was a correction to SSP(5,4) coefficients ([1ea45f78](https://github.com/ketch/nodepy/commit/1ea45f786c297fbc1f73e8f4e531bf0d795dea6f)), followed by a README-related merge. Only these two post-gap records are available.;"David Ketcheson authored both post-gap commits and already appears before the gap, including [147d0828](https://github.com/ketch/nodepy/commit/147d0828c75dd52c54be0a8271846103c2a15409); no new raw author identity appears in this sample.";Inactive;Documentation updates:Bug fixes;NodePy has an 11-month gap after a run of documentation maintenance. David Ketcheson later corrected numerical coefficients, but only two post-gap commits are available. This supports a small return to maintenance, while the exact reason for the pause remains unclear.
mouseland_suite2p;3297;125;2018-07-16T18:12:08Z;2026-04-18T18:08:49Z;474;285;2026-06-02T15:36:28Z;2024-11;2024-11;1;347;declining;0;Bug fixes:Feature development;Other:Bug fixes;"A short maintenance lull is plausible because the only empty month is November 2024 and nearby commits repair GUI and input-handling problems. Issues #1144 and #1149 were open before the gap; they show pending work, but do not establish why committing paused.";Yes: commits resume in December 2024 and Part 1 contains 347 dated commits after the gap.;The return addressed registration-metric issue #1144 ([7bb28c69](https://github.com/MouseLand/suite2p/commit/7bb28c69e6c020c3c7ac963968563620045167af)) and HDF5-input issue #1149 ([2c406958](https://github.com/MouseLand/suite2p/commit/2c4069586f5c84439124a3586a45488841417ef9)). Chris Ki confirmed those fixes in the linked issue discussions.;"Chris Ki wrote nine of the first ten post-gap commits using two existing email identities; calebshibu authored the other merge. All three raw author strings already occur in the full pre-gap history, although none is in the last-ten pre-gap sample.";Active;Bug fixes:Feature development;Suite2p has one empty month, followed by fixes to previously reported bugs. Chris Ki drives the immediate return, with the same raw identities already present earlier in the project. The issue discussions explain the work that resumed, but not why committing paused during November.
esri_geoportal-server;1822;61;2010-10-22T20:20:32Z;2025-07-13T00:43:55Z;253;151;2025-07-08T20:25:48Z;2024-11;2025-06;8;2;declining;10;Automated bot contributions:Documentation updates;Documentation updates;"The repository is the retired Geoportal Server v1 archive. The README before and after the gap directs users to successor repositories and states that updates are not planned ([cd9bdd2f](https://github.com/Esri/geoportal-server/commit/cd9bdd2fbd4ffa07e3d7b50813c9ff462fc6af2b)); this directly supports reduced development.";No sustained development recovery: only two documentation commits follow the gap in Part 1.;Limited repository maintenance resumed: [cd9bdd2f](https://github.com/Esri/geoportal-server/commit/cd9bdd2fbd4ffa07e3d7b50813c9ff462fc6af2b) revises retirement and successor information, and [3014a9ce](https://github.com/Esri/geoportal-server/commit/3014a9ce2120bd33ddde44bd4dae139775ec3785) adjusts the project website. Neither inspected diff adds application functionality.;"Marten Hogeweg, using the existing Marten <mhogeweg@esri.com> identity, authored both post-gap documentation commits. This identity also appears in the pre-gap JSON dependency merge e0727d73; the sample shows no new contributor taking over.";Active;Documentation updates:Dependency updates;Geoportal Server v1 is explicitly retired, which makes its eight-month gap easier to explain. The two later changes update the README and website instead of restarting application development. Its July 2025 README commit still qualifies it as Active under the assignment's six-month rule, showing the limit of that rule.
hpparvi_pytransit;1134;5;2012-10-23T15:47:59Z;2026-03-18T19:09:15Z;111;23;2026-08-18T14:55:08Z;2015-06;2015-12;7;967;irregular;9;Other:Documentation updates;Other:Bug fixes;"Unknown. The last pre-gap commits handle CI, README text, and licensing; they do not explain the June–December 2015 pause. A mature-package maintenance pause is plausible, but no inspected source documents the cause.";Yes;"The first two January 2016 commits fix the z == k defect recorded in GitHub issue 12; numerical performance and release metadata work follow. This identifies the work that resumed activity, not a proven explanation of the preceding pause.";"Returning author Hannu Parviainen <hpparvi@gmail.com> wrote all first 10 post-gap commits; no new raw author identity appears in that window.";Active;Bug fixes:Documentation updates;The seven-month gap is difficult to explain because the pre-gap messages do not announce a stop. Activity resumes with fixes for the z == k bug in issue 12, followed by other numerical maintenance. The same author supplies all ten sampled recovery commits, and the dataset contains 967 dated commits after the gap.
sundmanbo_opencalphad;550;18;2014-07-23T09:18:46Z;2025-05-15T17:49:55Z;248;86;2026-09-27T23:14:23Z;2024-01;2024-05;5;59;declining;5;Feature development:Bug fixes;Other:Feature development;Limited maintainer time is a supported hypothesis, not a proven cause of the exact gap: the historical changes.txt describes slow development and part-time work during retirement in 2023, then acknowledges the long pause in its June 2024 entry.;Yes;"Commit bef99c4 and the June 18, 2024 changes.txt entry restart work on multicomponent MQMQA and Kohler–Toop extrapolations. October commits then concentrate on compilation, tests, and CI; the first ten post-gap commits span June through October rather than continuous monthly activity.";Bo Sundman <bo.sundman@gmail.com> returns for the first two post-gap commits. The remaining eight are by zhongjingjogy <zhongjingjogy@gmail.com>, a raw identity absent from all dated pre-gap history.;Active;Other:Bug fixes;The five-month gap is consistent with the maintainer’s documented part-time development during retirement, although that does not prove the exact cause. Bo Sundman resumes model implementation in June 2024, and a new raw author identity later supplies build and CI work. Recovery is intermittent: the first ten post-gap commits extend into October.
stack-of-tasks_pinocchio;11597;170;2014-08-18T08:03:36Z;2025-11-05T03:54:54Z;3767;580;2026-09-25T13:33:03Z;2014-12;2014-12;1;11320;irregular;0;Bug fixes:Feature development;Other:Documentation updates;"Unknown brief pause. December 2014 is the only month in the longest zero run, shorter than the three-month threshold for counted inactivity gaps; inspected boundary messages and README do not identify a cause.";Yes;"The first January 2015 author-dated commits revise teaching labs for ISAE; subsequent commits handle upstream merges, build configuration, and initialization/constructor fixes. This is continuation of development, not evidence of a formally announced revival.";All first-ten post-gap raw identities already occur before the gap: Mansard <nmansard@laas.fr> and Justin Carpentier using both <justin.carpentier@laas.fr> and <jcarpent@laas.fr>. No new raw identity appears in the sample.;Active;Dependency updates:Automated bot contributions;The longest zero run is only December 2014, so Pinocchio has no inactivity gap of at least three months. Returning contributors resume teaching-lab updates and routine development, but no inspected source explains the brief pause. The first selected commit has a January author date and March committer date, so the author-time plot is not an integration timeline.
microsoft_fhir-server;20582;293;2018-08-23T21:11:07Z;2025-11-01T00:42:52Z;1384;594;2026-09-28T20:37:32Z;;;0;;steady;0;N/A active Project;N/A active Project;N/A active Project;N/A active Project;N/A: all 88 observed months have dated commits, with at least 3 in each month.;"N/A: no gap separates a recovery cohort; no before/after authors are assigned.";Active;Bug fixes:Dependency updates;FHIR Server has commits in all 88 observed months, so there is no gap to explain or recovery to attribute. Activity is broadly steady across the main part of the timeline. The partial final month and 12 missing timestamps limit comparisons at the endpoint.
rapidsai_cucim;3010;79;2021-04-09T17:55:44Z;2026-06-11T14:39:10Z;469;92;2026-09-22T16:03:13Z;;;0;;declining;0;N/A active Project;N/A active Project;N/A active Project;N/A active Project;N/A: all 63 observed months have dated commits, with at least 7 in each month.;"N/A: no gap separates a recovery cohort; no before/after authors are assigned.";Active;Automated bot contributions:Dependency updates;cuCIM has commits in all 63 observed months even though its yearly totals decline overall. Activity rises again in 2025, so lower volume does not mean the project became inactive. No gap or recovery cohort can be identified from this monthly series.
agnwinds_python;5213;76;2013-01-17T14:29:57Z;2024-10-22T21:47:15Z;0;0;2024-10-22T21:47:15Z;2023-04;2023-05;2;634;irregular;0;Bug fixes:Other;Feature development:Documentation updates;"Unknown short pause: April–May 2023 is below the three-month inactivity-gap threshold. Messages before and after it continue the same scientific-development work; the October 2024 rename to Sirocco happened later and does not explain this gap.";Yes;June 2023 commits add radiation-hydrodynamics output columns and grid-generation scripts, followed by documentation and bug fixes. Preserved PR 1002 describes Knox’s rad-hydro work and has the exact merge SHA 74679f5 present in the post-gap sample.;"Returning raw identities Knox S. Long <long@stsci.edu> and jhmatthews <matthews@ast.cam.ac.uk> supply the first ten post-gap commits; neither is new relative to all dated pre-gap history.";Inactive;Bug fixes:Documentation updates;"The two-month zero run is below the three-month inactivity threshold, and its cause is undocumented. Returning contributors resume radiation-hydrodynamics features, documentation, and fixes; preserved PR 1002 confirms the feature work. One missing timestamp could change the measured gap, and the later Sirocco rename should not be mistaken for its cause."
csgillespie_powerlaw;584;10;2012-12-03T21:42:11Z;2025-02-03T09:12:23Z;113;26;2025-02-03T09:07:24Z;2021-12;2023-12;25;18;declining;8;Other:Bug fixes;Documentation updates:Other;Unknown. The long December 2021–December 2023 author-time pause follows maintenance, CI setup, and a lognormal fix. A mature package receiving occasional maintenance is a plausible interpretation, but the inspected README and PR do not document a reason for the pause.;Yes;A January 2024 author-dated vignette-engine fix is followed in February 2025 by documentation tooling, pkgdown setup, and PR 103. Activity returns, but the 18 later dated commits and another long interval do not establish continuous recovery.;"Colin Gillespie <csgillespie@gmail.com> returns. The only new raw string in the first-ten sample is csgillespie <csgillespie@gmail.com> on an automated gh-pages deployment; the matching email and inspected workflow give no evidence of a new human maintainer.";Inactive;Bug fixes:Release;The 25-month gap has no documented cause in the inspected sources, and recovery looks like occasional package and documentation maintenance. A vignette fix is author-dated January 2024, but its PR is merged in February 2025, illustrating the difference between author time and integration time. The apparent new author string belongs to an automated site deployment using the existing maintainer’s email.
