Month;#Commits
2013-01;11
2013-02;74
2013-03;15
2013-04;10
2013-05;25
2013-06;75
2013-07;90
2013-08;23
2013-09;45
2013-10;16
2013-11;39
2013-12;18
2014-01;26
2014-02;36
2014-03;12
2014-04;14
2014-05;34
2014-06;9
2014-07;47
2014-08;41
2014-09;40
2014-10;29
2014-11;85
2014-12;16
2015-01;39
2015-02;44
2015-03;21
2015-04;34
2015-05;23
2015-06;16
2015-07;25
2015-08;104
2015-09;76
2015-10;103
2015-11;34
2015-12;4
2016-01;13
2016-02;38
2016-03;40
2016-04;13
2016-05;23
2016-06;27
2016-07;14
2016-08;1
2016-09;30
2016-10;19
2016-11;2
2016-12;1
2017-01;6
2017-02;19
2017-03;27
2017-04;6
2017-05;14
2017-06;60
2017-07;59
2017-08;17
2017-09;26
2017-10;21
2017-11;47
2017-12;14
2018-01;77
2018-02;119
2018-03;71
2018-04;31
2018-05;89
2018-06;50
2018-07;25
2018-08;72
2018-09;41
2018-10;30
2018-11;42
2018-12;25
2019-01;21
2019-02;69
2019-03;62
2019-04;41
2019-05;41
2019-06;15
2019-07;121
2019-08;88
2019-09;37
2019-10;60
2019-11;46
2019-12;16
2020-01;24
2020-02;38
2020-03;63
2020-04;47
2020-05;134
2020-06;76
2020-07;25
2020-08;51
2020-09;29
2020-10;34
2020-11;47
2020-12;20
2021-01;29
2021-02;63
2021-03;39
2021-04;67
2021-05;88
2021-06;41
2021-07;9
2021-08;37
2021-09;13
2021-10;48
2021-11;34
2021-12;24
2022-01;47
2022-02;25
2022-03;16
2022-04;15
2022-05;62
2022-06;53
2022-07;17
2022-08;3
2022-09;2
2022-10;5
2022-11;11
2022-12;19
2023-01;25
2023-02;12
2023-03;7
2023-04;0
2023-05;0
2023-06;9
2023-07;7
2023-08;119
2023-09;61
2023-10;38
2023-11;48
2023-12;29
2024-01;58
2024-02;47
2024-03;13
2024-04;0
2024-05;102
2024-06;4
2024-07;19
2024-08;28
2024-09;17
2024-10;35
