Project;ncommits;nauthors;from;to;nstars;nforks;lastGHCommitDate;LongestGapStart;LongestGapEnd;LongestGapLength;NumCommitsAfterLastGap;ActivityPattern;NumberOfGapsInTimeline
ketch_nodepy;713;23;2009-03-10T10:42:35Z;2024-09-04T07:27:22Z;83;23;2024-09-04T07:27:22Z;2023-10;2024-08;11;2;irregular;18
mouseland_suite2p;3297;125;2018-07-16T18:12:08Z;2026-04-18T18:08:49Z;474;285;2026-06-02T15:36:28Z;2024-11;2024-11;1;347;declining;0
esri_geoportal-server;1822;61;2010-10-22T20:20:32Z;2025-07-13T00:43:55Z;253;151;2025-07-08T20:25:48Z;2024-11;2025-06;8;2;declining;10
hpparvi_pytransit;1134;5;2012-10-23T15:47:59Z;2026-03-18T19:09:15Z;111;23;2026-08-18T14:55:08Z;2015-06;2015-12;7;967;irregular;9
sundmanbo_opencalphad;550;18;2014-07-23T09:18:46Z;2025-05-15T17:49:55Z;248;86;2026-09-27T23:14:23Z;2024-01;2024-05;5;59;declining;5
stack-of-tasks_pinocchio;11597;170;2014-08-18T08:03:36Z;2025-11-05T03:54:54Z;3767;580;2026-09-25T13:33:03Z;2014-12;2014-12;1;11320;irregular;0
microsoft_fhir-server;20582;293;2018-08-23T21:11:07Z;2025-11-01T00:42:52Z;1384;594;2026-09-28T20:37:32Z;;;0;;steady;0
rapidsai_cucim;3010;79;2021-04-09T17:55:44Z;2026-06-11T14:39:10Z;469;92;2026-09-22T16:03:13Z;;;0;;declining;0
agnwinds_python;5213;76;2013-01-17T14:29:57Z;2024-10-22T21:47:15Z;0;0;2024-10-22T21:47:15Z;2023-04;2023-05;2;634;irregular;0
csgillespie_powerlaw;584;10;2012-12-03T21:42:11Z;2025-02-03T09:12:23Z;113;26;2025-02-03T09:07:24Z;2021-12;2023-12;25;18;declining;8
